Workbook

Sheet Dashboard
A1: CAPA MANAGEMENT DASHBOARD
A2: Real-time overview of Corrective and Preventive Actions
A4: KEY PERFORMANCE INDICATORS
B6: Total Open | D6: Overdue | F6: Closed (Total) | H6: Avg Days to Close
B7: =COUNTIF(Log!G:G,"Open")+COUNTIF(Log!G:G,"In Progress") -> 2 | D7: =COUNTIFS(Log!G:G,"<>Closed",Log!F:F,"<"&TODAY(),Log!F:F,"<>") -> 3 | F7: =COUNTIF(Log!G:G,"Closed") -> 2 | H7: =IFERROR(ROUND(AVERAGEIF(Log!G:G,"Closed",Log!J:J),1),0) -> 41.5
A10: STATUS BREAKDOWN | F10: SOURCE ANALYSIS
A11: Open | B11: =COUNTIF(Log!G:G,"Open") -> 1 | F11: Customer Complaint | G11: =COUNTIF(Log!D:D,"Customer Complaint") -> 1
A12: In Progress | B12: =COUNTIF(Log!G:G,"In Progress") -> 1 | F12: Internal Audit | G12: =COUNTIF(Log!D:D,"Internal Audit") -> 1
A13: Pending Verification | B13: =COUNTIF(Log!G:G,"Pending Verification") -> 1 | F13: External Audit | G13: =COUNTIF(Log!D:D,"External Audit") -> 0
A14: Closed | B14: =COUNTIF(Log!G:G,"Closed") -> 2 | F14: Nonconformance | G14: =COUNTIF(Log!D:D,"Nonconformance") -> 1
F15: PMS/Vigilance | G15: =COUNTIF(Log!D:D,"PMS/Vigilance") -> 0
A16: PRIORITY BREAKDOWN | F16: Supplier Issue | G16: =COUNTIF(Log!D:D,"Supplier Issue") -> 1
A17: Critical | B17: =COUNTIF(Log!E:E,"Critical") -> 1 | F17: Process Deviation | G17: =COUNTIF(Log!D:D,"Process Deviation") -> 1
A18: High | B18: =COUNTIF(Log!E:E,"High") -> 1 | F18: Management Review | G18: =COUNTIF(Log!D:D,"Management Review") -> 0
A19: Medium | B19: =COUNTIF(Log!E:E,"Medium") -> 2
A20: Low | B20: =COUNTIF(Log!E:E,"Low") -> 1
A22: EFFECTIVENESS RATE
A23: Effective | B23: =COUNTIF(Log!K:K,"Effective") -> 2
A24: Partially Effective | B24: =COUNTIF(Log!K:K,"Partially Effective") -> 0
A25: Not Effective | B25: =COUNTIF(Log!K:K,"Not Effective") -> 0
A26: Pending | B26: =COUNTIF(Log!K:K,"Pending") -> 3
A28: 📋 Enter CAPA data in the 'Log' sheet. Dashboard updates automatically.

Sheet Log
A1: CAPA # | B1: Date Opened | C1: Description | D1: Source | E1: Priority | F1: Target Date | G1: Status | H1: Owner | I1: Date Closed | J1: Days Open | K1: Effectiveness | L1: Notes
A2: CAPA-2025-001 | B2: 45659 | C2: Incorrect labeling on product UC-200 | D2: Customer Complaint | E2: High | F2: 45703 | G2: Closed | H2: M. Schmidt | I2: 45698 | J2: =IF(G2="Closed",IF(I2<>"",I2-B2,""),TODAY()-B2) -> 39 | K2: Effective | L2: Root cause: SOP gap. Corrected.
A3: CAPA-2025-002 | B3: 45665 | C3: Supplier material OOS | D3: Supplier Issue | E3: Medium | F3: 45717 | G3: In Progress | H3: T. Weber | J3: =IF(G3="Closed",IF(I3<>"",I3-B3,""),TODAY()-B3) -> 373 | K3: Pending | L3: Awaiting supplier response
A4: CAPA-2025-003 | B4: 45667 | C4: Calibration deviation on Test Equipment TE-045 | D4: Nonconformance | E4: Low | F4: 45716 | G4: Pending Verification | H4: S. Braun | J4: =IF(G4="Closed",IF(I4<>"",I4-B4,""),TODAY()-B4) -> 371 | K4: Pending | L4: Actions complete, verifying effectiveness
A5: CAPA-2025-004 | B5: 45672 | C5: Documentation error in DHF | D5: Internal Audit | E5: Medium | F5: 45731 | G5: Open | H5: K. Hoffmann | J5: =IF(G5="Closed",IF(I5<>"",I5-B5,""),TODAY()-B5) -> 366 | K5: Pending | L5: Investigation ongoing
A6: CAPA-2025-005 | B6: 45627 | C6: Critical process parameter drift | D6: Process Deviation | E6: Critical | F6: 45672 | G6: Closed | H6: M. Schmidt | I6: 45671 | J6: =IF(G6="Closed",IF(I6<>"",I6-B6,""),TODAY()-B6) -> 44 | K6: Effective | L6: Process revalidated

Sheet Instructions
A1: CAPA LOG - USER INSTRUCTIONS
A3: HOW TO USE THIS WORKBOOK
A5: 1. LOG SHEET
A6: • Enter all CAPAs in the Log sheet
A7: • CAPA # format: CAPA-YYYY-XXX (e.g., CAPA-2025-017)
A8: • IMPORTANT: Enter dates by selecting the cell and using date picker
A9: • Or type dates as: 2025-01-15 (Excel will convert to date)
A10: • Select Status from: Open, In Progress, Pending Verification, Closed
A11: • Select Priority from: Critical, High, Medium, Low
A12: • Days Open calculates automatically
A14: 2. DASHBOARD
A15: • All KPIs update automatically based on Log data
... A44: Compliant with ISO 13485:2016 and FDA 21 CFR 820.100

Sheet Dropdowns
A1: Status | B1: Priority | C1: Source | D1: Effectiveness
A2: Open | B2: Critical | C2: Customer Complaint | D2: Effective
A3: In Progress | B3: High | C3: Internal Audit | D3: Partially Effective
A4: Pending Verification | B4: Medium | C4: External Audit | D4: Not Effective
A5: Closed | B5: Low | C5: Nonconformance | D5: Pending
C6: PMS/Vigilance
C7: Supplier Issue
C8: Process Deviation
C9: Management Review
C10: Other
